Category,Year,Month,precip_mm
India,1981,2,21.822521
India,1981,2,0.795876
India,1981,2,2.256437
Pakistan,1981,2,18.015757
Bangladesh,1981,2,52.463852
Nepal,1981,2,2.774078
SriLanka,1981,2,73.45702
Thailand,1981,2,26.621288
VietNam,1981,2,4.4846807
Indonesia,1981,2,517.7093
Philippines,1981,2,6.0068207
Myanmar,1981,2,0.7892883
Cambodia,1981,2,11.509182
China,1981,2,2.8302474
China,1981,2,6.446029
China,1981,2,64.21679
Japan,1981,2,164.53241
Kazakhstan,1981,2,16.594955
Iran,1981,2,56.798134
Turkiye,1981,2,43.421158
India,1981,3,119.02842
India,1981,3,0.27373517
India,1981,3,31.709242
Pakistan,1981,3,71.25429
Bangladesh,1981,3,106.881294
Nepal,1981,3,33.21304
SriLanka,1981,3,61.61455
Thailand,1981,3,36.169968
VietNam,1981,3,9.067151
Indonesia,1981,3,296.10156
Philippines,1981,3,0.058967322
Myanmar,1981,3,0.7127346
Cambodia,1981,3,13.902652
China,1981,3,19.446281
China,1981,3,28.579878
China,1981,3,137.82344
Japan,1981,3,80.50766
Kazakhstan,1981,3,44.106895
Iran,1981,3,82.808464
Turkiye,1981,3,24.24318
India,1981,4,0.0
India,1981,4,22.906527
India,1981,4,0.0
Pakistan,1981,4,0.0
Bangladesh,1981,4,318.08133
Nepal,1981,4,57.91595
SriLanka,1981,4,160.22394
Thailand,1981,4,79.44833
VietNam,1981,4,29.744328
Indonesia,1981,4,294.1944
Philippines,1981,4,73.28593
Myanmar,1981,4,14.908964
Cambodia,1981,4,104.18959
China,1981,4,7.8530865
China,1981,4,11.238428
China,1981,4,169.45372
Japan,1981,4,85.96792
Kazakhstan,1981,4,44.255623
Iran,1981,4,102.56664
Turkiye,1981,4,23.179995
India,1982,2,35.79862
India,1982,2,0.0
India,1982,2,0.9880181
Pakistan,1982,2,24.188633
Bangladesh,1982,2,15.244144
Nepal,1982,2,18.092472
SriLanka,1982,2,3.2239847
Thailand,1982,2,14.679105
VietNam,1982,2,0.0
Indonesia,1982,2,303.05093
Philippines,1982,2,0.0
Myanmar,1982,2,1.29979
Cambodia,1982,2,6.3514633
China,1982,2,14.006188
China,1982,2,0.124914184
China,1982,2,101.457924
Japan,1982,2,47.045338
Kazakhstan,1982,2,24.03937
Iran,1982,2,62.163086
Turkiye,1982,2,18.745129
India,1982,3,64.60435
India,1982,3,14.387431
India,1982,3,0.0
Pakistan,1982,3,54.956482
Bangladesh,1982,3,47.450645
Nepal,1982,3,0.0
SriLanka,1982,3,51.89617
Thailand,1982,3,16.331678
VietNam,1982,3,55.47769
Indonesia,1982,3,316.9705
Philippines,1982,3,41.674637
Myanmar,1982,3,0.5627103
Cambodia,1982,3,13.860439
China,1982,3,5.004674
China,1982,3,0.0
China,1982,3,124.50484
Japan,1982,3,73.07124
Kazakhstan,1982,3,25.775248
Iran,1982,3,109.65948
Turkiye,1982,3,51.84878
India,1982,4,26.672398
India,1982,4,0.0
India,1982,4,0.0
Pakistan,1982,4,7.5273666
Bangladesh,1982,4,194.94211
Nepal,1982,4,22.774641
SriLanka,1982,4,123.07129
Thailand,1982,4,80.7118
VietNam,1982,4,21.036543
Indonesia,1982,4,297.36633
Philippines,1982,4,73.968094
Myanmar,1982,4,1.4293134
Cambodia,1982,4,120.39456
China,1982,4,15.595877
China,1982,4,21.853153
China,1982,4,123.00525
Japan,1982,4,128.16531
Kazakhstan,1982,4,42.227634
Iran,1982,4,13.367083
Turkiye,1982,4,45.641953
India,1983,2,13.524166
India,1983,2,0.0
India,1983,2,0.5444727
Pakistan,1983,2,12.760846
Bangladesh,1983,2,32.8905
Nepal,1983,2,0.0
SriLanka,1983,2,3.2424998
Thailand,1983,2,6.2452626
VietNam,1983,2,0.0
Indonesia,1983,2,309.65576
Philippines,1983,2,0.0
Myanmar,1983,2,1.2997917
Cambodia,1983,2,0.825109
China,1983,2,0.0
China,1983,2,12.461481
China,1983,2,68.45328
Japan,1983,2,185.41313
Kazakhstan,1983,2,51.148876
Iran,1983,2,2.5665653
Turkiye,1983,2,31.027096
India,1983,3,27.171766
India,1983,3,0.24885541
India,1983,3,0.0
Pakistan,1983,3,53.37575
Bangladesh,1983,3,56.279945
Nepal,1983,3,0.0
SriLanka,1983,3,1.3949378
Thailand,1983,3,0.6993789
VietNam,1983,3,0.0
Indonesia,1983,3,225.6506
Philippines,1983,3,0.07260597
Myanmar,1983,3,0.5658887
Cambodia,1983,3,13.621792
China,1983,3,0.0
China,1983,3,6.3162365
China,1983,3,72.13928
Japan,1983,3,143.6615
Kazakhstan,1983,3,21.487692
Iran,1983,3,76.96017
Turkiye,1983,3,41.756264
India,1983,4,8.173719
India,1983,4,33.224876
India,1983,4,2.2373297
Pakistan,1983,4,2.1256862
Bangladesh,1983,4,198.22766
Nepal,1983,4,38.29814
SriLanka,1983,4,15.907545
Thailand,1983,4,2.0128517
VietNam,1983,4,1.4439523
Indonesia,1983,4,169.53595
Philippines,1983,4,3.8089623
Myanmar,1983,4,0.76464033
Cambodia,1983,4,19.72644
China,1983,4,34.28331
China,1983,4,74.6358
China,1983,4,237.22705
Japan,1983,4,111.02302
Kazakhstan,1983,4,11.529266
Iran,1983,4,87.19642
Turkiye,1983,4,37.62272
India,1984,2,7.533656
India,1984,2,0.0
India,1984,2,0.9100129
Pakistan,1984,2,0.0
Bangladesh,1984,2,9.28219
Nepal,1984,2,0.0
SriLanka,1984,2,448.15295
Thailand,1984,2,60.365196
VietNam,1984,2,15.882874
Indonesia,1984,2,417.31873
Philippines,1984,2,0.0
Myanmar,1984,2,1.4355978
Cambodia,1984,2,1.3263454
China,1984,2,11.952844
China,1984,2,19.109837
China,1984,2,16.782316
Japan,1984,2,127.942505
Kazakhstan,1984,2,5.8497977
Iran,1984,2,21.426151
Turkiye,1984,2,33.436874
India,1984,3,37.135883
India,1984,3,0.14455397
India,1984,3,0.0
Pakistan,1984,3,42.013878
Bangladesh,1984,3,27.831633
Nepal,1984,3,0.0
SriLanka,1984,3,230.58722
Thailand,1984,3,23.182878
VietNam,1984,3,0.0
Indonesia,1984,3,374.95703
Philippines,1984,3,75.846344
Myanmar,1984,3,0.58224183
Cambodia,1984,3,38.551224
China,1984,3,31.261517
China,1984,3,9.702013
China,1984,3,56.829163
Japan,1984,3,51.96067
Kazakhstan,1984,3,6.9955416
Iran,1984,3,102.2319
Turkiye,1984,3,55.28177
India,1984,4,21.796198
India,1984,4,0.0
India,1984,4,0.0
Pakistan,1984,4,14.270014
Bangladesh,1984,4,82.60714
Nepal,1984,4,0.0
SriLanka,1984,4,160.48938
Thailand,1984,4,85.05488
VietNam,1984,4,50.925766
Indonesia,1984,4,259.53076
Philippines,1984,4,138.37036
Myanmar,1984,4,45.831715
Cambodia,1984,4,207.85602
China,1984,4,32.269073
China,1984,4,29.31023
China,1984,4,145.35378
Japan,1984,4,86.76039
Kazakhstan,1984,4,10.88228
Iran,1984,4,60.07251
Turkiye,1984,4,38.291664
India,1985,2,0.0
India,1985,2,0.0
India,1985,2,0.5294623
Pakistan,1985,2,0.0
Bangladesh,1985,2,13.626406
Nepal,1985,2,0.0
SriLanka,1985,2,105.67032
Thailand,1985,2,5.491364
VietNam,1985,2,16.21911
Indonesia,1985,2,313.2157
Philippines,1985,2,0.0
Myanmar,1985,2,8.13391
Cambodia,1985,2,0.32909226
China,1985,2,39.27576
China,1985,2,17.687332
China,1985,2,73.84036
Japan,1985,2,222.33926
Kazakhstan,1985,2,85.69799
Iran,1985,2,17.74366
Turkiye,1985,2,49.080395
India,1985,3,10.818362
India,1985,3,0.14262167
India,1985,3,0.0
Pakistan,1985,3,12.566406
Bangladesh,1985,3,90.45955
Nepal,1985,3,0.0
SriLanka,1985,3,69.29155
Thailand,1985,3,15.256866
VietNam,1985,3,15.271557
Indonesia,1985,3,358.94757
Philippines,1985,3,35.32046
Myanmar,1985,3,0.56394666
Cambodia,1985,3,42.238895
China,1985,3,67.247375
China,1985,3,9.306068
China,1985,3,156.91716
Japan,1985,3,141.94962
Kazakhstan,1985,3,7.964455
Iran,1985,3,35.826218
Turkiye,1985,3,60.736282
India,1985,4,6.704151
India,1985,4,0.0
India,1985,4,0.0
Pakistan,1985,4,0.0
Bangladesh,1985,4,59.26451
Nepal,1985,4,4.7430115
SriLanka,1985,4,80.64548
Thailand,1985,4,91.60974
VietNam,1985,4,149.03365
Indonesia,1985,4,282.11664
Philippines,1985,4,141.62698
Myanmar,1985,4,22.337719
Cambodia,1985,4,235.7494
China,1985,4,20.17489
China,1985,4,44.903194
China,1985,4,115.51628
Japan,1985,4,147.2567
Kazakhstan,1985,4,64.7032
Iran,1985,4,35.584854
Turkiye,1985,4,5.1012344
India,1986,2,0.0
India,1986,2,0.0
India,1986,2,1.5296162
Pakistan,1986,2,3.7442894
Bangladesh,1986,2,18.193382
Nepal,1986,2,32.194447
SriLanka,1986,2,14.176777
Thailand,1986,2,6.0856028
VietNam,1986,2,0.0
Indonesia,1986,2,286.72394
Philippines,1986,2,0.0
Myanmar,1986,2,1.2968981
Cambodia,1986,2,10.999875
China,1986,2,1.7261312
China,1986,2,0.0
China,1986,2,21.718342
Japan,1986,2,28.28344
Kazakhstan,1986,2,32.752186
Iran,1986,2,71.90935
Turkiye,1986,2,49.90834
India,1986,3,38.417706
India,1986,3,0.13679738
India,1986,3,0.0
Pakistan,1986,3,14.782212
Bangladesh,1986,3,12.586477
Nepal,1986,3,0.0
SriLanka,1986,3,129.09216
Thailand,1986,3,0.8575705
VietNam,1986,3,0.0
Indonesia,1986,3,520.75366
Philippines,1986,3,0.07505739
Myanmar,1986,3,0.5664044
Cambodia,1986,3,13.196089
China,1986,3,26.668253
China,1986,3,4.5795116
China,1986,3,165.77997
Japan,1986,3,115.68952
Kazakhstan,1986,3,10.090376
Iran,1986,3,47.276333
Turkiye,1986,3,12.4034195
India,1986,4,9.7756815
India,1986,4,18.59235
India,1986,4,0.00044090906
Pakistan,1986,4,14.190685
Bangladesh,1986,4,252.51704
Nepal,1986,4,32.23153
SriLanka,1986,4,114.81467
Thailand,1986,4,64.08822
VietNam,1986,4,14.454662
Indonesia,1986,4,512.69604
Philippines,1986,4,14.441553
Myanmar,1986,4,0.6736264
Cambodia,1986,4,115.58857
China,1986,4,9.968904
China,1986,4,29.354746
China,1986,4,152.16202
Japan,1986,4,63.443886
Kazakhstan,1986,4,17.011068
Iran,1986,4,53.515926
Turkiye,1986,4,34.967674
India,1987,2,9.634601
India,1987,2,0.0
India,1987,2,1.5486711
Pakistan,1987,2,29.663761
Bangladesh,1987,2,11.071227
Nepal,1987,2,0.0
SriLanka,1987,2,6.0645795
Thailand,1987,2,9.478007
VietNam,1987,2,0.0
Indonesia,1987,2,284.7092
Philippines,1987,2,0.0
Myanmar,1987,2,1.2997923
Cambodia,1987,2,0.9790193
China,1987,2,9.395288
China,1987,2,0.79356325
China,1987,2,95.523224
Japan,1987,2,149.13907
Kazakhstan,1987,2,16.580648
Iran,1987,2,34.15527
Turkiye,1987,2,20.160162
India,1987,3,38.396004
India,1987,3,2.7159677
India,1987,3,9.07493
Pakistan,1987,3,57.52874
Bangladesh,1987,3,71.72238
Nepal,1987,3,1.6405487
SriLanka,1987,3,39.19964
Thailand,1987,3,16.075956
VietNam,1987,3,1.3746617
Indonesia,1987,3,204.35583
Philippines,1987,3,4.4471545
Myanmar,1987,3,0.42065883
Cambodia,1987,3,28.400955
China,1987,3,21.702908
China,1987,3,21.58085
China,1987,3,140.233
Japan,1987,3,116.44318
Kazakhstan,1987,3,14.954998
Iran,1987,3,79.15219
Turkiye,1987,3,57.373928
India,1987,4,19.991846
India,1987,4,0.0
India,1987,4,0.0
Pakistan,1987,4,0.0
Bangladesh,1987,4,165.29178
Nepal,1987,4,0.0
SriLanka,1987,4,193.76216
Thailand,1987,4,78.254
VietNam,1987,4,16.105026
Indonesia,1987,4,65.29156
Philippines,1987,4,24.070633
Myanmar,1987,4,8.006256
Cambodia,1987,4,83.04178
China,1987,4,27.448141
China,1987,4,13.774942
China,1987,4,179.00113
Japan,1987,4,21.599594
Kazakhstan,1987,4,45.516273
Iran,1987,4,29.93996
Turkiye,1987,4,29.5767
India,1988,2,19.312632
India,1988,2,35.442776
India,1988,2,0.570627
Pakistan,1988,2,22.797182
Bangladesh,1988,2,98.69969
Nepal,1988,2,6.0133424
SriLanka,1988,2,28.202324
Thailand,1988,2,10.44188
VietNam,1988,2,25.416374
Indonesia,1988,2,369.9958
Philippines,1988,2,17.9422
Myanmar,1988,2,0.95852774
Cambodia,1988,2,13.249631
China,1988,2,24.829704
China,1988,2,7.1689463
China,1988,2,135.75407
Japan,1988,2,52.4476
Kazakhstan,1988,2,3.6237178
Iran,1988,2,64.76064
Turkiye,1988,2,47.7433
India,1988,3,49.435345
India,1988,3,36.72127
India,1988,3,0.0
Pakistan,1988,3,66.28033
Bangladesh,1988,3,77.28525
Nepal,1988,3,11.900711
SriLanka,1988,3,58.11496
Thailand,1988,3,1.7694237
VietNam,1988,3,0.0
Indonesia,1988,3,403.16086
Philippines,1988,3,0.062320195
Myanmar,1988,3,0.56546694
Cambodia,1988,3,25.763367
China,1988,3,30.954365
China,1988,3,0.0
China,1988,3,51.47246
Japan,1988,3,82.598724
Kazakhstan,1988,3,27.22779
Iran,1988,3,57.290924
Turkiye,1988,3,18.747974
India,1988,4,10.500322
India,1988,4,0.0
India,1988,4,4.599431
Pakistan,1988,4,6.2256813
Bangladesh,1988,4,168.84573
Nepal,1988,4,9.277701
SriLanka,1988,4,284.54193
Thailand,1988,4,101.23511
VietNam,1988,4,14.769714
Indonesia,1988,4,127.122826
Philippines,1988,4,113.678665
Myanmar,1988,4,18.484442
Cambodia,1988,4,237.71747
China,1988,4,18.149029
China,1988,4,64.23132
China,1988,4,65.78542
Japan,1988,4,99.24684
Kazakhstan,1988,4,19.124884
Iran,1988,4,97.86424
Turkiye,1988,4,89.553986
India,1989,2,10.216614
India,1989,2,0.0
India,1989,2,0.514377
Pakistan,1989,2,0.0
Bangladesh,1989,2,27.824614
Nepal,1989,2,0.0
SriLanka,1989,2,14.993778
Thailand,1989,2,6.6819644
VietNam,1989,2,0.0
Indonesia,1989,2,493.42432
Philippines,1989,2,10.091136
Myanmar,1989,2,1.2997915
Cambodia,1989,2,0.8423302
China,1989,2,15.848205
China,1989,2,8.015923
China,1989,2,32.12946
Japan,1989,2,200.19617
Kazakhstan,1989,2,36.7613
Iran,1989,2,35.12889
Turkiye,1989,2,4.478106
India,1989,3,28.250717
India,1989,3,10.041044
India,1989,3,0.0
Pakistan,1989,3,18.385023
Bangladesh,1989,3,7.376729
Nepal,1989,3,16.836563
SriLanka,1989,3,51.54973
Thailand,1989,3,11.136916
VietNam,1989,3,8.993279
Indonesia,1989,3,307.7306
Philippines,1989,3,62.920315
Myanmar,1989,3,6.7004724
Cambodia,1989,3,51.428066
China,1989,3,30.405735
China,1989,3,18.293653
China,1989,3,97.17725
Japan,1989,3,68.169846
Kazakhstan,1989,3,50.602127
Iran,1989,3,47.302998
Turkiye,1989,3,35.81386
India,1989,4,0.0
India,1989,4,0.0
India,1989,4,0.0
Pakistan,1989,4,0.0
Bangladesh,1989,4,138.73192
Nepal,1989,4,0.0
SriLanka,1989,4,113.3989
Thailand,1989,4,49.5774
VietNam,1989,4,42.95414
Indonesia,1989,4,340.38422
Philippines,1989,4,68.288315
Myanmar,1989,4,0.7682991
Cambodia,1989,4,89.20554
China,1989,4,16.922663
China,1989,4,22.995838
China,1989,4,189.36469
Japan,1989,4,121.43216
Kazakhstan,1989,4,76.274574
Iran,1989,4,26.99085
Turkiye,1989,4,10.924072
India,1990,2,67.63959
India,1990,2,27.621273
India,1990,2,1.1868904
Pakistan,1990,2,62.565517
Bangladesh,1990,2,74.969284
Nepal,1990,2,0.0
SriLanka,1990,2,86.11379
Thailand,1990,2,7.028517
VietNam,1990,2,0.0
Indonesia,1990,2,234.72589
Philippines,1990,2,0.0
Myanmar,1990,2,1.2969052
Cambodia,1990,2,0.74145865
China,1990,2,46.72092
China,1990,2,1.4011525
China,1990,2,220.40343
Japan,1990,2,123.76871
Kazakhstan,1990,2,17.872398
Iran,1990,2,47.680855
Turkiye,1990,2,41.277393
India,1990,3,44.91504
India,1990,3,0.20154035
India,1990,3,0.0
Pakistan,1990,3,6.249778
Bangladesh,1990,3,156.89148
Nepal,1990,3,0.0
SriLanka,1990,3,103.85566
Thailand,1990,3,1.6052244
VietNam,1990,3,2.4679205
Indonesia,1990,3,337.33356
Philippines,1990,3,0.079567604
Myanmar,1990,3,0.7577235
Cambodia,1990,3,3.7900903
China,1990,3,70.81139
China,1990,3,0.0
China,1990,3,114.11592
Japan,1990,3,36.467083
Kazakhstan,1990,3,123.30806
Iran,1990,3,0.0
Turkiye,1990,3,0.0
India,1990,4,0.92873704
India,1990,4,9.380478
India,1990,4,0.0
Pakistan,1990,4,0.0
Bangladesh,1990,4,205.8827
Nepal,1990,4,44.525105
SriLanka,1990,4,109.29589
Thailand,1990,4,33.237057
VietNam,1990,4,31.600029
Indonesia,1990,4,244.9372
Philippines,1990,4,25.321861
Myanmar,1990,4,27.88496
Cambodia,1990,4,99.168564
China,1990,4,46.833153
China,1990,4,32.453163
China,1990,4,215.21219
Japan,1990,4,165.22237
Kazakhstan,1990,4,33.62622
Iran,1990,4,46.93853
Turkiye,1990,4,18.114214
India,1991,2,0.0
India,1991,2,10.888366
India,1991,2,0.7758596
Pakistan,1991,2,0.0
Bangladesh,1991,2,39.446575
Nepal,1991,2,5.2346287
SriLanka,1991,2,4.2122993
Thailand,1991,2,11.837475
VietNam,1991,2,0.0
Indonesia,1991,2,351.17584
Philippines,1991,2,0.0
Myanmar,1991,2,1.2997909
Cambodia,1991,2,0.9615035
China,1991,2,21.673378
China,1991,2,0.83502704
China,1991,2,106.42226
Japan,1991,2,269.15854
Kazakhstan,1991,2,5.205064
Iran,1991,2,30.947311
Turkiye,1991,2,32.385162
India,1991,3,6.6843643
India,1991,3,6.965288
India,1991,3,0.0
Pakistan,1991,3,20.29245
Bangladesh,1991,3,33.917152
Nepal,1991,3,9.778549
SriLanka,1991,3,86.32225
Thailand,1991,3,27.132093
VietNam,1991,3,17.212713
Indonesia,1991,3,201.43312
Philippines,1991,3,16.66722
Myanmar,1991,3,0.5870919
Cambodia,1991,3,7.111875
China,1991,3,69.85648
China,1991,3,10.427609
China,1991,3,133.42203
Japan,1991,3,96.86719
Kazakhstan,1991,3,23.927275
Iran,1991,3,87.75989
Turkiye,1991,3,40.003746
India,1991,4,1.1795043
India,1991,4,26.231535
India,1991,4,5.5489187
Pakistan,1991,4,0.0
Bangladesh,1991,4,68.397125
Nepal,1991,4,0.0
SriLanka,1991,4,62.245995
Thailand,1991,4,79.970764
VietNam,1991,4,29.142187
Indonesia,1991,4,401.6673
Philippines,1991,4,25.646736
Myanmar,1991,4,27.080093
Cambodia,1991,4,81.28441
China,1991,4,21.930553
China,1991,4,45.806988
China,1991,4,103.39913
Japan,1991,4,83.12873
Kazakhstan,1991,4,6.128157
Iran,1991,4,9.278482
Turkiye,1991,4,74.295334
India,1992,2,0.0
India,1992,2,0.0
India,1992,2,0.62948763
Pakistan,1992,2,0.0
Bangladesh,1992,2,40.19081
Nepal,1992,2,0.0
SriLanka,1992,2,3.304037
Thailand,1992,2,8.148849
VietNam,1992,2,0.0
Indonesia,1992,2,292.49393
Philippines,1992,2,0.0
Myanmar,1992,2,1.2970561
Cambodia,1992,2,0.7723552
China,1992,2,0.0
China,1992,2,1.9743599
China,1992,2,50.944523
Japan,1992,2,100.475075
Kazakhstan,1992,2,33.797173
Iran,1992,2,24.499199
Turkiye,1992,2,1.8153914
India,1992,3,90.89671
India,1992,3,0.2113401
India,1992,3,0.0
Pakistan,1992,3,51.234634
Bangladesh,1992,3,5.7072783
Nepal,1992,3,0.0
SriLanka,1992,3,3.8577824
Thailand,1992,3,0.7571358
VietNam,1992,3,0.0
Indonesia,1992,3,324.03888
Philippines,1992,3,0.07705692
Myanmar,1992,3,0.56588787
Cambodia,1992,3,5.160266
China,1992,3,34.68523
China,1992,3,12.097698
China,1992,3,277.55255
Japan,1992,3,124.31118
Kazakhstan,1992,3,10.006824
Iran,1992,3,63.002495
Turkiye,1992,3,9.106314
India,1992,4,4.2476077
India,1992,4,31.056816
India,1992,4,0.0
Pakistan,1992,4,25.948284
Bangladesh,1992,4,33.418118
Nepal,1992,4,15.998993
SriLanka,1992,4,146.83722
Thailand,1992,4,13.01804
VietNam,1992,4,22.912148
Indonesia,1992,4,357.02618
Philippines,1992,4,40.761734
Myanmar,1992,4,9.566026
Cambodia,1992,4,118.045105
China,1992,4,3.4860747
China,1992,4,10.77209
China,1992,4,185.2709
Japan,1992,4,125.337265
Kazakhstan,1992,4,23.238182
Iran,1992,4,46.788597
Turkiye,1992,4,30.943104
India,1993,2,4.338448
India,1993,2,0.0
India,1993,2,0.9815605
Pakistan,1993,2,7.911086
Bangladesh,1993,2,29.849548
Nepal,1993,2,0.0
SriLanka,1993,2,63.536285
Thailand,1993,2,5.8459525
VietNam,1993,2,0.0
Indonesia,1993,2,148.57172
Philippines,1993,2,0.0
Myanmar,1993,2,1.2997935
Cambodia,1993,2,0.8099916
China,1993,2,16.884293
China,1993,2,7.883754
China,1993,2,59.227493
Japan,1993,2,136.66985
Kazakhstan,1993,2,55.963898
Iran,1993,2,68.97299
Turkiye,1993,2,19.517982
India,1993,3,70.65187
India,1993,3,23.480387
India,1993,3,0.0
Pakistan,1993,3,34.54953
Bangladesh,1993,3,74.540535
Nepal,1993,3,39.711754
SriLanka,1993,3,55.840363
Thailand,1993,3,13.536512
VietNam,1993,3,40.766254
Indonesia,1993,3,148.82248
Philippines,1993,3,0.07903216
Myanmar,1993,3,0.75016564
Cambodia,1993,3,94.54218
China,1993,3,1.3820083
China,1993,3,6.112174
China,1993,3,138.47357
Japan,1993,3,64.37319
Kazakhstan,1993,3,35.99823
Iran,1993,3,44.466415
Turkiye,1993,3,1.5295281
India,1993,4,10.845813
India,1993,4,19.710995
India,1993,4,0.0
Pakistan,1993,4,4.809698
Bangladesh,1993,4,166.82718
Nepal,1993,4,44.684486
SriLanka,1993,4,84.23072
Thailand,1993,4,88.92703
VietNam,1993,4,12.351587
Indonesia,1993,4,289.46002
Philippines,1993,4,19.51262
Myanmar,1993,4,0.6982905
Cambodia,1993,4,139.3036
China,1993,4,36.60464
China,1993,4,22.622326
China,1993,4,168.72833
Japan,1993,4,77.39421
Kazakhstan,1993,4,52.69172
Iran,1993,4,65.82405
Turkiye,1993,4,38.04167
India,1994,2,0.0
India,1994,2,0.0
India,1994,2,1.0272799
Pakistan,1994,2,0.0
Bangladesh,1994,2,34.91576
Nepal,1994,2,0.0
SriLanka,1994,2,254.79688
Thailand,1994,2,27.736156
VietNam,1994,2,0.0
Indonesia,1994,2,323.2819
Philippines,1994,2,0.0
Myanmar,1994,2,1.2970085
Cambodia,1994,2,0.8405359
China,1994,2,8.17555
China,1994,2,0.0
China,1994,2,55.92289
Japan,1994,2,159.73032
Kazakhstan,1994,2,33.54442
Iran,1994,2,0.0
Turkiye,1994,2,21.132597
India,1994,3,4.64807
India,1994,3,0.35259464
India,1994,3,0.0
Pakistan,1994,3,7.192816
Bangladesh,1994,3,41.876072
Nepal,1994,3,0.0
SriLanka,1994,3,45.205616
Thailand,1994,3,68.37995
VietNam,1994,3,5.6099873
Indonesia,1994,3,458.95203
Philippines,1994,3,14.793426
Myanmar,1994,3,68.60853
Cambodia,1994,3,183.32663
China,1994,3,11.0978775
China,1994,3,0.0
China,1994,3,119.11052
Japan,1994,3,71.41263
Kazakhstan,1994,3,128.72882
Iran,1994,3,67.80412
Turkiye,1994,3,36.107483
India,1994,4,14.034329
India,1994,4,0.0
India,1994,4,0.0
Pakistan,1994,4,7.296983
Bangladesh,1994,4,135.79199
Nepal,1994,4,0.0
SriLanka,1994,4,118.51132
Thailand,1994,4,16.69192
VietNam,1994,4,41.1165
Indonesia,1994,4,245.97011
Philippines,1994,4,42.150734
Myanmar,1994,4,17.027576
Cambodia,1994,4,55.769447
China,1994,4,61.330196
China,1994,4,21.06866
China,1994,4,161.60997
Japan,1994,4,20.766312
Kazakhstan,1994,4,20.796371
Iran,1994,4,37.580063
Turkiye,1994,4,23.560232
India,1995,2,13.248329
India,1995,2,0.0
India,1995,2,0.7139161
Pakistan,1995,2,11.105985
Bangladesh,1995,2,25.630932
Nepal,1995,2,0.0
SriLanka,1995,2,84.68438
Thailand,1995,2,8.692757
VietNam,1995,2,0.0
Indonesia,1995,2,359.55078
Philippines,1995,2,0.0
Myanmar,1995,2,1.2968986
Cambodia,1995,2,0.5655502
China,1995,2,0.0
China,1995,2,0.0
China,1995,2,76.30313
Japan,1995,2,59.97058
Kazakhstan,1995,2,11.916588
Iran,1995,2,52.969612
Turkiye,1995,2,10.375169
India,1995,3,10.7105465
India,1995,3,4.844763
India,1995,3,12.50306
Pakistan,1995,3,23.811445
Bangladesh,1995,3,10.080223
Nepal,1995,3,20.169622
SriLanka,1995,3,37.33675
Thailand,1995,3,29.635345
VietNam,1995,3,5.451762
Indonesia,1995,3,168.66
Philippines,1995,3,0.07768261
Myanmar,1995,3,0.64551747
Cambodia,1995,3,71.69115
China,1995,3,28.350857
China,1995,3,21.991634
China,1995,3,63.512375
Japan,1995,3,166.74142
Kazakhstan,1995,3,10.985045
Iran,1995,3,39.17199
Turkiye,1995,3,39.768406
India,1995,4,17.321884
India,1995,4,0.0
India,1995,4,2.015457
Pakistan,1995,4,36.682945
Bangladesh,1995,4,65.59033
Nepal,1995,4,3.2870054
SriLanka,1995,4,169.30934
Thailand,1995,4,55.02449
VietNam,1995,4,2.3034801
Indonesia,1995,4,409.92123
Philippines,1995,4,3.8844275
Myanmar,1995,4,0.79344517
Cambodia,1995,4,63.530342
China,1995,4,11.951229
China,1995,4,44.37997
China,1995,4,220.45291
Japan,1995,4,72.59866
Kazakhstan,1995,4,8.161455
Iran,1995,4,61.359547
Turkiye,1995,4,38.19924
India,1996,2,41.362103
India,1996,2,10.376914
India,1996,2,1.4201723
Pakistan,1996,2,5.331432
Bangladesh,1996,2,41.280758
Nepal,1996,2,17.39868
SriLanka,1996,2,94.771835
Thailand,1996,2,19.944563
VietNam,1996,2,4.696576
Indonesia,1996,2,353.34573
Philippines,1996,2,14.989612
Myanmar,1996,2,2.0938232
Cambodia,1996,2,9.055067
China,1996,2,1.023219
China,1996,2,0.8164305
China,1996,2,31.743626
Japan,1996,2,60.190907
Kazakhstan,1996,2,15.415482
Iran,1996,2,13.451582
Turkiye,1996,2,6.620042
India,1996,3,50.510498
India,1996,3,9.559257
India,1996,3,12.247021
Pakistan,1996,3,29.943329
Bangladesh,1996,3,13.468218
Nepal,1996,3,0.0
SriLanka,1996,3,16.823519
Thailand,1996,3,8.228406
VietNam,1996,3,0.0
Indonesia,1996,3,149.54344
Philippines,1996,3,8.673475
Myanmar,1996,3,0.57587093
Cambodia,1996,3,5.594581
China,1996,3,73.61261
China,1996,3,26.01202
China,1996,3,214.95569
Japan,1996,3,101.62059
Kazakhstan,1996,3,4.3929987
Iran,1996,3,38.18367
Turkiye,1996,3,43.65026
India,1996,4,0.718515
India,1996,4,0.0
India,1996,4,1.5643027
Pakistan,1996,4,0.0
Bangladesh,1996,4,215.14908
Nepal,1996,4,6.263363
SriLanka,1996,4,198.21428
Thailand,1996,4,126.5724
VietNam,1996,4,76.80968
Indonesia,1996,4,109.15959
Philippines,1996,4,54.292267
Myanmar,1996,4,12.377466
Cambodia,1996,4,179.4251
China,1996,4,74.24213
China,1996,4,7.897279
China,1996,4,117.222946
Japan,1996,4,77.09099
Kazakhstan,1996,4,65.519356
Iran,1996,4,42.81092
Turkiye,1996,4,63.324978
India,1997,2,0.0
India,1997,2,0.0
India,1997,2,0.5143763
Pakistan,1997,2,0.0
Bangladesh,1997,2,23.799221
Nepal,1997,2,0.0
SriLanka,1997,2,25.825813
Thailand,1997,2,16.697142
VietNam,1997,2,36.59485
Indonesia,1997,2,237.87057
Philippines,1997,2,22.60621
Myanmar,1997,2,1.2968994
Cambodia,1997,2,29.81911
China,1997,2,0.0
China,1997,2,0.8461752
China,1997,2,27.036682
Japan,1997,2,39.015152
Kazakhstan,1997,2,19.677675
Iran,1997,2,0.0
Turkiye,1997,2,9.154127
India,1997,3,35.0075
India,1997,3,0.15529168
India,1997,3,0.0
Pakistan,1997,3,37.655613
Bangladesh,1997,3,69.20334
Nepal,1997,3,2.9644728
SriLanka,1997,3,66.338974
Thailand,1997,3,21.96639
VietNam,1997,3,0.0
Indonesia,1997,3,98.35736
Philippines,1997,3,0.1108563
Myanmar,1997,3,0.5915036
Cambodia,1997,3,41.224865
China,1997,3,21.516256
China,1997,3,10.3242
China,1997,3,70.11966
Japan,1997,3,61.486916
Kazakhstan,1997,3,14.314901
Iran,1997,3,22.29513
Turkiye,1997,3,28.20155
India,1997,4,1.1276927
India,1997,4,10.066324
India,1997,4,0.0
Pakistan,1997,4,2.1103058
Bangladesh,1997,4,198.5855
Nepal,1997,4,50.206257
SriLanka,1997,4,158.96599
Thailand,1997,4,42.327953
VietNam,1997,4,50.854633
Indonesia,1997,4,295.6078
Philippines,1997,4,73.209465
Myanmar,1997,4,8.678042
Cambodia,1997,4,93.48476
China,1997,4,3.7551427
China,1997,4,0.0
China,1997,4,65.810585
Japan,1997,4,100.10788
Kazakhstan,1997,4,16.083118
Iran,1997,4,11.335873
Turkiye,1997,4,43.351074
India,1998,2,15.9377
India,1998,2,0.0
India,1998,2,0.60661185
Pakistan,1998,2,32.862564
Bangladesh,1998,2,17.594158
Nepal,1998,2,14.613387
SriLanka,1998,2,6.0080147
Thailand,1998,2,16.037504
VietNam,1998,2,0.0
Indonesia,1998,2,489.96472
Philippines,1998,2,0.0
Myanmar,1998,2,1.2968999
Cambodia,1998,2,0.64963543
China,1998,2,10.859722
China,1998,2,1.1342793
China,1998,2,63.192196
Japan,1998,2,216.47224
Kazakhstan,1998,2,58.036015
Iran,1998,2,90.591255
Turkiye,1998,2,40.389286
India,1998,3,51.14025
India,1998,3,29.272488
India,1998,3,8.42231
Pakistan,1998,3,38.240288
Bangladesh,1998,3,48.806355
Nepal,1998,3,64.776855
SriLanka,1998,3,13.6615505
Thailand,1998,3,1.7996798
VietNam,1998,3,0.0
Indonesia,1998,3,220.03448
Philippines,1998,3,0.07200498
Myanmar,1998,3,5.1649637
Cambodia,1998,3,1.8254836
China,1998,3,41.875275
China,1998,3,22.378336
China,1998,3,171.55963
Japan,1998,3,100.41986
Kazakhstan,1998,3,3.047842
Iran,1998,3,32.610016
Turkiye,1998,3,46.624367
India,1998,4,25.973509
India,1998,4,15.781409
India,1998,4,2.0190146
Pakistan,1998,4,30.899645
Bangladesh,1998,4,190.34276
Nepal,1998,4,45.144077
SriLanka,1998,4,44.895462
Thailand,1998,4,71.56358
VietNam,1998,4,11.970098
Indonesia,1998,4,183.23494
Philippines,1998,4,27.0587
Myanmar,1998,4,3.1436558
Cambodia,1998,4,54.23415
China,1998,4,43.547783
China,1998,4,31.43087
China,1998,4,230.10434
Japan,1998,4,98.328
Kazakhstan,1998,4,24.89603
Iran,1998,4,73.64603
Turkiye,1998,4,44.703796
India,1999,2,19.754883
India,1999,2,0.0
India,1999,2,43.73065
Pakistan,1999,2,14.812766
Bangladesh,1999,2,8.083821
Nepal,1999,2,4.631182
SriLanka,1999,2,192.57147
Thailand,1999,2,15.596955
VietNam,1999,2,15.682536
Indonesia,1999,2,393.53012
Philippines,1999,2,0.0
Myanmar,1999,2,1.2969016
Cambodia,1999,2,4.1178293
China,1999,2,5.1198673
China,1999,2,0.6299608
China,1999,2,11.690609
Japan,1999,2,216.62589
Kazakhstan,1999,2,18.002382
Iran,1999,2,32.397953
Turkiye,1999,2,23.699238
India,1999,3,34.754627
India,1999,3,0.13442287
India,1999,3,0.0
Pakistan,1999,3,24.17053
Bangladesh,1999,3,5.66333
Nepal,1999,3,0.0
SriLanka,1999,3,9.049765
Thailand,1999,3,52.815872
VietNam,1999,3,6.3855486
Indonesia,1999,3,361.99582
Philippines,1999,3,68.1943
Myanmar,1999,3,4.6691494
Cambodia,1999,3,26.592838
China,1999,3,54.460575
China,1999,3,35.08206
China,1999,3,88.85366
Japan,1999,3,144.18411
Kazakhstan,1999,3,20.858189
Iran,1999,3,61.531807
Turkiye,1999,3,37.38585
India,1999,4,0.0
India,1999,4,0.0
India,1999,4,0.0
Pakistan,1999,4,0.0
Bangladesh,1999,4,13.120417
Nepal,1999,4,5.6456223
SriLanka,1999,4,136.158
Thailand,1999,4,267.47302
VietNam,1999,4,217.17932
Indonesia,1999,4,225.28806
Philippines,1999,4,195.65689
Myanmar,1999,4,120.038284
Cambodia,1999,4,253.31686
China,1999,4,34.01947
China,1999,4,16.075203
China,1999,4,201.3173
Japan,1999,4,102.22534
Kazakhstan,1999,4,0.0
Iran,1999,4,6.5374103
Turkiye,1999,4,19.910746
India,2000,2,0.0
India,2000,2,0.0
India,2000,2,0.61089337
Pakistan,2000,2,4.6831713
Bangladesh,2000,2,33.155327
Nepal,2000,2,0.0
SriLanka,2000,2,251.68427
Thailand,2000,2,22.301146
VietNam,2000,2,13.100151
Indonesia,2000,2,302.11932
Philippines,2000,2,31.208443
Myanmar,2000,2,1.2969265
Cambodia,2000,2,31.83532
China,2000,2,4.929165
China,2000,2,0.0
China,2000,2,23.491232
Japan,2000,2,216.11407
Kazakhstan,2000,2,51.10324
Iran,2000,2,18.069307
Turkiye,2000,2,0.0
India,2000,3,23.440954
India,2000,3,0.3454218
India,2000,3,0.0
Pakistan,2000,3,3.6129029
Bangladesh,2000,3,29.840393
Nepal,2000,3,0.0
SriLanka,2000,3,43.02738
Thailand,2000,3,30.24218
VietNam,2000,3,28.09446
Indonesia,2000,3,305.5204
Philippines,2000,3,66.51994
Myanmar,2000,3,8.291069
Cambodia,2000,3,27.547382
China,2000,3,1.8147649
China,2000,3,16.082842
China,2000,3,15.844428
Japan,2000,3,150.82568
Kazakhstan,2000,3,37.600243
Iran,2000,3,31.124435
Turkiye,2000,3,7.163345
India,2000,4,19.448166
India,2000,4,23.569407
India,2000,4,0.0
Pakistan,2000,4,6.923438
Bangladesh,2000,4,145.3289
Nepal,2000,4,28.063978
SriLanka,2000,4,82.941895
Thailand,2000,4,201.38033
VietNam,2000,4,94.228615
Indonesia,2000,4,285.70694
Philippines,2000,4,153.32176
Myanmar,2000,4,36.331905
Cambodia,2000,4,136.91977
China,2000,4,12.893976
China,2000,4,24.570654
China,2000,4,32.590897
Japan,2000,4,108.311775
Kazakhstan,2000,4,45.781532
Iran,2000,4,11.589113
Turkiye,2000,4,51.220055
India,2001,2,1.5481062
India,2001,2,0.0
India,2001,2,0.5725074
Pakistan,2001,2,0.0
Bangladesh,2001,2,20.270685
Nepal,2001,2,0.0
SriLanka,2001,2,147.92487
Thailand,2001,2,5.8717175
VietNam,2001,2,17.14167
Indonesia,2001,2,340.50885
Philippines,2001,2,72.06368
Myanmar,2001,2,2.197905
Cambodia,2001,2,0.6386579
China,2001,2,20.326815
China,2001,2,5.323803
China,2001,2,51.423203
Japan,2001,2,104.96451
Kazakhstan,2001,2,40.79005
Iran,2001,2,14.31253
Turkiye,2001,2,20.573175
India,2001,3,26.800653
India,2001,3,19.68067
India,2001,3,8.405863
Pakistan,2001,3,3.3870673
Bangladesh,2001,3,45.45076
Nepal,2001,3,17.393295
SriLanka,2001,3,16.66841
Thailand,2001,3,104.95673
VietNam,2001,3,83.78615
Indonesia,2001,3,189.29236
Philippines,2001,3,47.602978
Myanmar,2001,3,58.955536
Cambodia,2001,3,188.34222
China,2001,3,13.751447
China,2001,3,4.0830183
China,2001,3,66.188736
Japan,2001,3,140.873
Kazakhstan,2001,3,32.745853
Iran,2001,3,34.73037
Turkiye,2001,3,20.250374
India,2001,4,46.644073
India,2001,4,1.6623731
India,2001,4,0.0
Pakistan,2001,4,15.906006
Bangladesh,2001,4,89.28344
Nepal,2001,4,2.205405
SriLanka,2001,4,226.65662
Thailand,2001,4,43.035984
VietNam,2001,4,68.48123
Indonesia,2001,4,398.4389
Philippines,2001,4,55.423195
Myanmar,2001,4,0.72527236
Cambodia,2001,4,35.735153
China,2001,4,18.326214
China,2001,4,17.755817
China,2001,4,158.47408
Japan,2001,4,28.819008
Kazakhstan,2001,4,11.548186
Iran,2001,4,5.7002344
Turkiye,2001,4,32.10354
India,2002,2,16.067835
India,2002,2,14.827432
India,2002,2,27.521648
Pakistan,2002,2,5.4170914
Bangladesh,2002,2,10.0208025
Nepal,2002,2,29.14714
SriLanka,2002,2,83.17646
Thailand,2002,2,5.2235966
VietNam,2002,2,0.0
Indonesia,2002,2,341.61902
Philippines,2002,2,0.0
Myanmar,2002,2,2.0391889
Cambodia,2002,2,0.65227175
China,2002,2,0.0
China,2002,2,0.67178226
China,2002,2,61.375008
Japan,2002,2,98.96082
Kazakhstan,2002,2,43.643818
Iran,2002,2,13.708424
Turkiye,2002,2,28.840578
India,2002,3,25.140251
India,2002,3,5.5057564
India,2002,3,15.026786
Pakistan,2002,3,10.293379
Bangladesh,2002,3,61.710884
Nepal,2002,3,3.3079944
SriLanka,2002,3,72.46004
Thailand,2002,3,23.875637
VietNam,2002,3,0.0
Indonesia,2002,3,377.88318
Philippines,2002,3,1.6214912
Myanmar,2002,3,0.6260165
Cambodia,2002,3,14.028044
China,2002,3,10.742965
China,2002,3,21.435413
China,2002,3,181.03253
Japan,2002,3,135.80998
Kazakhstan,2002,3,29.74511
Iran,2002,3,29.040306
Turkiye,2002,3,20.59327
India,2002,4,3.9738588
India,2002,4,13.866308
India,2002,4,10.362717
Pakistan,2002,4,4.552886
Bangladesh,2002,4,133.93634
Nepal,2002,4,26.609035
SriLanka,2002,4,276.68826
Thailand,2002,4,66.06709
VietNam,2002,4,8.068931
Indonesia,2002,4,226.13536
Philippines,2002,4,19.241726
Myanmar,2002,4,3.6609006
Cambodia,2002,4,171.13881
China,2002,4,16.6781
China,2002,4,60.327015
China,2002,4,312.13492
Japan,2002,4,69.323715
Kazakhstan,2002,4,42.373997
Iran,2002,4,76.40332
Turkiye,2002,4,76.59451
India,2003,2,79.06996
India,2003,2,39.744644
India,2003,2,14.367259
Pakistan,2003,2,77.78088
Bangladesh,2003,2,22.126755
Nepal,2003,2,62.087166
SriLanka,2003,2,123.94843
Thailand,2003,2,12.157316
VietNam,2003,2,0.26261786
Indonesia,2003,2,461.73953
Philippines,2003,2,0.0
Myanmar,2003,2,1.5259795
Cambodia,2003,2,0.7451158
China,2003,2,7.044071
China,2003,2,0.0
China,2003,2,62.950935
Japan,2003,2,37.950966
Kazakhstan,2003,2,14.517196
Iran,2003,2,40.198524
Turkiye,2003,2,34.579334
India,2003,3,15.623403
India,2003,3,3.0079753
India,2003,3,0.3650692
Pakistan,2003,3,22.728241
Bangladesh,2003,3,116.85182
Nepal,2003,3,38.680573
SriLanka,2003,3,70.49123
Thailand,2003,3,154.63991
VietNam,2003,3,0.0
Indonesia,2003,3,261.2662
Philippines,2003,3,10.75551
Myanmar,2003,3,3.018545
Cambodia,2003,3,101.62198
China,2003,3,21.649506
China,2003,3,9.072382
China,2003,3,154.47266
Japan,2003,3,108.05794
Kazakhstan,2003,3,0.0
Iran,2003,3,50.239624
Turkiye,2003,3,41.202805
India,2003,4,4.6525335
India,2003,4,21.27203
India,2003,4,2.5678582
Pakistan,2003,4,6.1879787
Bangladesh,2003,4,124.17522
Nepal,2003,4,25.343218
SriLanka,2003,4,143.51938
Thailand,2003,4,33.743008
VietNam,2003,4,23.871593
Indonesia,2003,4,184.84799
Philippines,2003,4,24.150879
Myanmar,2003,4,10.79092
Cambodia,2003,4,62.145004
China,2003,4,55.739887
China,2003,4,13.654591
China,2003,4,226.43637
Japan,2003,4,109.95295
Kazakhstan,2003,4,22.115032
Iran,2003,4,79.39604
Turkiye,2003,4,52.98513
India,2004,2,5.3025055
India,2004,2,0.0
India,2004,2,0.5105641
Pakistan,2004,2,0.0
Bangladesh,2004,2,8.082788
Nepal,2004,2,0.0
SriLanka,2004,2,20.125584
Thailand,2004,2,16.642841
VietNam,2004,2,2.2292993
Indonesia,2004,2,366.53973
Philippines,2004,2,7.4140863
Myanmar,2004,2,1.1458969
Cambodia,2004,2,2.6721628
China,2004,2,11.756996
China,2004,2,4.546356
China,2004,2,71.23924
Japan,2004,2,91.440735
Kazakhstan,2004,2,20.947018
Iran,2004,2,18.698616
Turkiye,2004,2,36.05898
India,2004,3,0.0
India,2004,3,0.17897479
India,2004,3,0.0
Pakistan,2004,3,2.5183668
Bangladesh,2004,3,13.403013
Nepal,2004,3,0.0
SriLanka,2004,3,94.244385
Thailand,2004,3,0.899634
VietNam,2004,3,0.08550782
Indonesia,2004,3,291.8353
Philippines,2004,3,0.10183937
Myanmar,2004,3,0.6706588
Cambodia,2004,3,14.13346
China,2004,3,14.985519
China,2004,3,11.899514
China,2004,3,54.742188
Japan,2004,3,59.873962
Kazakhstan,2004,3,48.58282
Iran,2004,3,56.485146
Turkiye,2004,3,31.465897
India,2004,4,16.105116
India,2004,4,30.932217
India,2004,4,0.0
Pakistan,2004,4,18.2983
Bangladesh,2004,4,156.63101
Nepal,2004,4,19.62669
SriLanka,2004,4,187.39273
Thailand,2004,4,44.773224
VietNam,2004,4,17.428843
Indonesia,2004,4,330.24738
Philippines,2004,4,55.601944
Myanmar,2004,4,14.585308
Cambodia,2004,4,83.27956
China,2004,4,10.681167
China,2004,4,0.0
China,2004,4,144.98451
Japan,2004,4,94.660385
Kazakhstan,2004,4,41.632736
Iran,2004,4,65.660645
Turkiye,2004,4,43.522575
India,2005,2,69.52877
India,2005,2,29.843233
India,2005,2,0.52401245
Pakistan,2005,2,46.50103
Bangladesh,2005,2,15.100941
Nepal,2005,2,0.0
SriLanka,2005,2,19.86425
Thailand,2005,2,5.0867414
VietNam,2005,2,0.0
Indonesia,2005,2,194.80927
Philippines,2005,2,0.0
Myanmar,2005,2,1.1842079
Cambodia,2005,2,0.6524883
China,2005,2,12.040242
China,2005,2,0.0
China,2005,2,113.53949
Japan,2005,2,194.13675
Kazakhstan,2005,2,22.601294
Iran,2005,2,24.226946
Turkiye,2005,2,19.07304
India,2005,3,55.18653
India,2005,3,8.099844
India,2005,3,21.650883
Pakistan,2005,3,82.85697
Bangladesh,2005,3,122.28996
Nepal,2005,3,29.721146
SriLanka,2005,3,56.175346
Thailand,2005,3,47.908375
VietNam,2005,3,0.0
Indonesia,2005,3,370.45978
Philippines,2005,3,18.443527
Myanmar,2005,3,0.8365997
Cambodia,2005,3,11.011248
China,2005,3,4.3080134
China,2005,3,0.0
China,2005,3,58.13591
Japan,2005,3,130.53139
Kazakhstan,2005,3,64.48081
Iran,2005,3,85.32173
Turkiye,2005,3,28.99327
India,2005,4,10.4385395
India,2005,4,5.728034
India,2005,4,1.5499934
Pakistan,2005,4,3.735624
Bangladesh,2005,4,91.75363
Nepal,2005,4,17.205278
SriLanka,2005,4,224.9802
Thailand,2005,4,94.69753
VietNam,2005,4,4.76294
Indonesia,2005,4,152.43011
Philippines,2005,4,15.173102
Myanmar,2005,4,10.417362
Cambodia,2005,4,36.983673
China,2005,4,13.946128
China,2005,4,52.55373
China,2005,4,115.113754
Japan,2005,4,50.029617
Kazakhstan,2005,4,5.315775
Iran,2005,4,19.945438
Turkiye,2005,4,41.213352
India,2006,2,13.668158
India,2006,2,0.0
India,2006,2,0.5105643
Pakistan,2006,2,13.814867
Bangladesh,2006,2,7.8040214
Nepal,2006,2,0.0
SriLanka,2006,2,58.973995
Thailand,2006,2,16.515192
VietNam,2006,2,0.4188294
Indonesia,2006,2,266.41006
Philippines,2006,2,0.0
Myanmar,2006,2,3.1038961
Cambodia,2006,2,21.770548
China,2006,2,18.88901
China,2006,2,10.769772
China,2006,2,117.2337
Japan,2006,2,135.17087
Kazakhstan,2006,2,5.7646036
Iran,2006,2,35.67282
Turkiye,2006,2,19.853373
India,2006,3,68.897575
India,2006,3,36.466743
India,2006,3,74.58124
Pakistan,2006,3,16.020636
Bangladesh,2006,3,14.135876
Nepal,2006,3,42.40155
SriLanka,2006,3,145.97264
Thailand,2006,3,51.36518
VietNam,2006,3,62.2039
Indonesia,2006,3,332.47034
Philippines,2006,3,22.421543
Myanmar,2006,3,1.0614007
Cambodia,2006,3,34.854797
China,2006,3,8.083636
China,2006,3,23.757092
China,2006,3,41.722046
Japan,2006,3,128.11461
Kazakhstan,2006,3,39.41625
Iran,2006,3,45.18083
Turkiye,2006,3,26.972952
India,2006,4,1.0301697
India,2006,4,29.15504
India,2006,4,0.5668848
Pakistan,2006,4,11.286688
Bangladesh,2006,4,154.31595
Nepal,2006,4,44.76931
SriLanka,2006,4,134.00952
Thailand,2006,4,103.88111
VietNam,2006,4,74.27827
Indonesia,2006,4,250.35158
Philippines,2006,4,30.222713
Myanmar,2006,4,180.48709
Cambodia,2006,4,163.50388
China,2006,4,27.158142
China,2006,4,32.264545
China,2006,4,140.07088
Japan,2006,4,106.186295
Kazakhstan,2006,4,64.34096
Iran,2006,4,37.294075
Turkiye,2006,4,60.007713
India,2007,2,123.307526
India,2007,2,58.103977
India,2007,2,12.970932
Pakistan,2007,2,74.85559
Bangladesh,2007,2,61.478333
Nepal,2007,2,69.42194
SriLanka,2007,2,68.87963
Thailand,2007,2,6.387291
VietNam,2007,2,0.0
Indonesia,2007,2,195.2659
Philippines,2007,2,4.0112104
Myanmar,2007,2,1.1702899
Cambodia,2007,2,0.78027064
China,2007,2,11.526367
China,2007,2,2.7357383
China,2007,2,111.63684
Japan,2007,2,87.61077
Kazakhstan,2007,2,75.19913
Iran,2007,2,43.0618
Turkiye,2007,2,22.385138
India,2007,3,66.92161
India,2007,3,28.576822
India,2007,3,0.0
Pakistan,2007,3,36.063572
Bangladesh,2007,3,18.802334
Nepal,2007,3,26.63084
SriLanka,2007,3,9.171969
Thailand,2007,3,6.677235
VietNam,2007,3,16.839237
Indonesia,2007,3,417.35864
Philippines,2007,3,33.608177
Myanmar,2007,3,0.62601554
Cambodia,2007,3,51.576054
China,2007,3,74.978745
China,2007,3,26.041922
China,2007,3,43.52098
Japan,2007,3,96.06704
Kazakhstan,2007,3,19.51221
Iran,2007,3,122.58383
Turkiye,2007,3,21.219738
India,2007,4,18.975008
India,2007,4,12.175081
India,2007,4,0.0
Pakistan,2007,4,4.770691
Bangladesh,2007,4,129.10211
Nepal,2007,4,45.623104
SriLanka,2007,4,142.7391
Thailand,2007,4,89.250084
VietNam,2007,4,31.373917
Indonesia,2007,4,320.10614
Philippines,2007,4,24.00289
Myanmar,2007,4,14.133072
Cambodia,2007,4,143.25427
China,2007,4,26.628578
China,2007,4,12.974539
China,2007,4,120.9138
Japan,2007,4,87.28932
Kazakhstan,2007,4,76.86392
Iran,2007,4,32.688892
Turkiye,2007,4,9.3053465
India,2008,2,0.0
India,2008,2,0.0
India,2008,2,0.5206213
Pakistan,2008,2,0.0
Bangladesh,2008,2,22.659206
Nepal,2008,2,0.0
SriLanka,2008,2,103.183464
Thailand,2008,2,13.404711
VietNam,2008,2,11.089871
Indonesia,2008,2,530.9793
Philippines,2008,2,1.8600402
Myanmar,2008,2,2.0771296
Cambodia,2008,2,24.115244
China,2008,2,0.0
China,2008,2,0.0
China,2008,2,23.95309
Japan,2008,2,65.13842
Kazakhstan,2008,2,56.44061
Iran,2008,2,0.0
Turkiye,2008,2,10.858038
India,2008,3,0.6032417
India,2008,3,0.14476365
India,2008,3,0.0
Pakistan,2008,3,0.47398487
Bangladesh,2008,3,78.45661
Nepal,2008,3,19.30633
SriLanka,2008,3,283.8824
Thailand,2008,3,5.6557035
VietNam,2008,3,3.531129
Indonesia,2008,3,400.14673
Philippines,2008,3,39.09192
Myanmar,2008,3,7.9452553
Cambodia,2008,3,58.281273
China,2008,3,5.8272533
China,2008,3,25.844105
China,2008,3,89.0941
Japan,2008,3,86.35801
Kazakhstan,2008,3,46.135136
Iran,2008,3,12.999264
Turkiye,2008,3,41.321182
India,2008,4,49.157368
India,2008,4,23.639349
India,2008,4,0.0
Pakistan,2008,4,48.052803
Bangladesh,2008,4,44.077927
Nepal,2008,4,10.36666
SriLanka,2008,4,164.48729
Thailand,2008,4,124.6639
VietNam,2008,4,92.37113
Indonesia,2008,4,169.58656
Philippines,2008,4,92.49241
Myanmar,2008,4,113.82101
Cambodia,2008,4,119.51422
China,2008,4,68.56732
China,2008,4,25.700811
China,2008,4,96.72258
Japan,2008,4,138.03989
Kazakhstan,2008,4,36.305878
Iran,2008,4,33.95967
Turkiye,2008,4,33.761894
India,2009,2,22.225729
India,2009,2,0.0
India,2009,2,0.49706888
Pakistan,2009,2,9.87871
Bangladesh,2009,2,8.702761
Nepal,2009,2,0.0
SriLanka,2009,2,5.2415285
Thailand,2009,2,15.20018
VietNam,2009,2,22.446487
Indonesia,2009,2,490.36792
Philippines,2009,2,41.904152
Myanmar,2009,2,1.1729792
Cambodia,2009,2,42.513092
China,2009,2,34.173077
China,2009,2,15.545647
China,2009,2,66.3315
Japan,2009,2,151.98254
Kazakhstan,2009,2,27.85851
Iran,2009,2,51.272125
Turkiye,2009,2,61.76602
India,2009,3,37.550877
India,2009,3,2.314841
India,2009,3,0.0
Pakistan,2009,3,37.970222
Bangladesh,2009,3,61.960094
Nepal,2009,3,0.0
SriLanka,2009,3,123.35062
Thailand,2009,3,48.835705
VietNam,2009,3,7.816928
Indonesia,2009,3,183.09842
Philippines,2009,3,32.782784
Myanmar,2009,3,12.781204
Cambodia,2009,3,109.087296
China,2009,3,37.35014
China,2009,3,20.868528
China,2009,3,70.96882
Japan,2009,3,95.551155
Kazakhstan,2009,3,47.175774
Iran,2009,3,67.21407
Turkiye,2009,3,26.15231
India,2009,4,32.583168
India,2009,4,0.0
India,2009,4,2.3678381
Pakistan,2009,4,15.3357
Bangladesh,2009,4,73.74945
Nepal,2009,4,0.05624976
SriLanka,2009,4,209.09741
Thailand,2009,4,90.64647
VietNam,2009,4,113.932976
Indonesia,2009,4,326.8389
Philippines,2009,4,204.65782
Myanmar,2009,4,67.31074
Cambodia,2009,4,276.83517
China,2009,4,50.828564
China,2009,4,56.807945
China,2009,4,219.58853
Japan,2009,4,114.12062
Kazakhstan,2009,4,20.91923
Iran,2009,4,110.61977
Turkiye,2009,4,9.595387
India,2010,2,43.349373
India,2010,2,3.2443213
India,2010,2,6.5580387
Pakistan,2010,2,30.228397
Bangladesh,2010,2,23.65115
Nepal,2010,2,5.288885
SriLanka,2010,2,44.31697
Thailand,2010,2,11.541974
VietNam,2010,2,0.0
Indonesia,2010,2,318.5587
Philippines,2010,2,0.0
Myanmar,2010,2,1.1842067
Cambodia,2010,2,0.7692097
China,2010,2,31.27666
China,2010,2,17.517105
China,2010,2,51.90512
Japan,2010,2,171.75935
Kazakhstan,2010,2,24.995674
Iran,2010,2,48.170673
Turkiye,2010,2,61.575417
India,2010,3,5.052665
India,2010,3,3.9828253
India,2010,3,0.36509353
Pakistan,2010,3,17.2515
Bangladesh,2010,3,48.008278
Nepal,2010,3,0.770634
SriLanka,2010,3,54.58673
Thailand,2010,3,7.052605
VietNam,2010,3,0.0
Indonesia,2010,3,509.72644
Philippines,2010,3,0.0839299
Myanmar,2010,3,1.3421546
Cambodia,2010,3,38.173073
China,2010,3,52.950905
China,2010,3,51.390305
China,2010,3,186.86053
Japan,2010,3,129.38773
Kazakhstan,2010,3,58.309425
Iran,2010,3,61.75566
Turkiye,2010,3,18.630577
India,2010,4,13.696573
India,2010,4,0.0
India,2010,4,2.100944
Pakistan,2010,4,8.200885
Bangladesh,2010,4,103.7943
Nepal,2010,4,19.066486
SriLanka,2010,4,155.75821
Thailand,2010,4,25.135624
VietNam,2010,4,12.674903
Indonesia,2010,4,347.26733
Philippines,2010,4,54.525444
Myanmar,2010,4,0.72507846
Cambodia,2010,4,93.49536
China,2010,4,47.295467
China,2010,4,45.910072
China,2010,4,175.68747
Japan,2010,4,148.62886
Kazakhstan,2010,4,5.669268
Iran,2010,4,25.035309
Turkiye,2010,4,35.157333
India,2011,2,49.08143
India,2011,2,3.154914
India,2011,2,0.6440455
Pakistan,2011,2,34.61721
Bangladesh,2011,2,9.515804
Nepal,2011,2,14.067157
SriLanka,2011,2,318.3578
Thailand,2011,2,19.363886
VietNam,2011,2,0.0
Indonesia,2011,2,293.61542
Philippines,2011,2,14.060547
Myanmar,2011,2,1.3266115
Cambodia,2011,2,1.9766719
China,2011,2,0.0
China,2011,2,7.053924
China,2011,2,17.211235
Japan,2011,2,107.78597
Kazakhstan,2011,2,15.696356
Iran,2011,2,68.56406
Turkiye,2011,2,60.573425
India,2011,3,6.555617
India,2011,3,0.29464144
India,2011,3,0.0
Pakistan,2011,3,3.4949193
Bangladesh,2011,3,18.020937
Nepal,2011,3,0.0
SriLanka,2011,3,40.871017
Thailand,2011,3,97.903275
VietNam,2011,3,37.59858
Indonesia,2011,3,351.5774
Philippines,2011,3,30.701939
Myanmar,2011,3,32.49891
Cambodia,2011,3,71.57942
China,2011,3,6.298357
China,2011,3,3.3784504
China,2011,3,39.27899
Japan,2011,3,66.40382
Kazakhstan,2011,3,0.0
Iran,2011,3,23.153406
Turkiye,2011,3,31.8726
India,2011,4,12.709127
India,2011,4,10.984989
India,2011,4,0.72932196
Pakistan,2011,4,21.11222
Bangladesh,2011,4,113.758484
Nepal,2011,4,18.346525
SriLanka,2011,4,289.4349
Thailand,2011,4,121.45
VietNam,2011,4,38.138027
Indonesia,2011,4,295.27
Philippines,2011,4,43.11959
Myanmar,2011,4,43.488064
Cambodia,2011,4,172.69759
China,2011,4,4.077422
China,2011,4,17.248663
China,2011,4,63.223877
Japan,2011,4,91.254715
Kazakhstan,2011,4,53.35849
Iran,2011,4,19.823528
Turkiye,2011,4,66.91978
India,2012,2,4.400298
India,2012,2,0.0
India,2012,2,0.5105636
Pakistan,2012,2,7.797359
Bangladesh,2012,2,16.408237
Nepal,2012,2,0.0
SriLanka,2012,2,208.40868
Thailand,2012,2,28.284489
VietNam,2012,2,10.818243
Indonesia,2012,2,258.7717
Philippines,2012,2,44.970314
Myanmar,2012,2,1.1842057
Cambodia,2012,2,32.356365
China,2012,2,24.353783
China,2012,2,0.0
China,2012,2,56.55642
Japan,2012,2,167.44795
Kazakhstan,2012,2,0.0
Iran,2012,2,38.107964
Turkiye,2012,2,31.114561
India,2012,3,9.755682
India,2012,3,0.27543184
India,2012,3,0.0
Pakistan,2012,3,4.0032253
Bangladesh,2012,3,8.056213
Nepal,2012,3,0.0
SriLanka,2012,3,69.11621
Thailand,2012,3,29.834778
VietNam,2012,3,57.10485
Indonesia,2012,3,317.39246
Philippines,2012,3,64.43881
Myanmar,2012,3,1.5857655
Cambodia,2012,3,25.117256
China,2012,3,22.392544
China,2012,3,14.397455
China,2012,3,114.969925
Japan,2012,3,136.68028
Kazakhstan,2012,3,26.958652
Iran,2012,3,36.178818
Turkiye,2012,3,0.0
India,2012,4,33.975975
India,2012,4,15.158216
India,2012,4,1.673731
Pakistan,2012,4,31.503498
Bangladesh,2012,4,143.19997
Nepal,2012,4,24.00573
SriLanka,2012,4,175.46754
Thailand,2012,4,59.01104
VietNam,2012,4,97.229
Indonesia,2012,4,226.81883
Philippines,2012,4,57.42418
Myanmar,2012,4,11.781428
Cambodia,2012,4,84.79651
China,2012,4,52.181133
China,2012,4,48.481403
China,2012,4,134.61316
Japan,2012,4,114.67389
Kazakhstan,2012,4,14.551868
Iran,2012,4,36.41574
Turkiye,2012,4,17.546366
India,2013,2,96.62061
India,2013,2,13.030966
India,2013,2,20.644144
Pakistan,2013,2,65.71631
Bangladesh,2013,2,16.654398
Nepal,2013,2,52.024956
SriLanka,2013,2,168.33629
Thailand,2013,2,20.124926
VietNam,2013,2,31.715408
Indonesia,2013,2,321.34534
Philippines,2013,2,17.567804
Myanmar,2013,2,1.1842065
Cambodia,2013,2,6.471697
China,2013,2,24.622662
China,2013,2,12.523182
China,2013,2,52.759327
Japan,2013,2,99.218796
Kazakhstan,2013,2,29.257118
Iran,2013,2,43.82536
Turkiye,2013,2,37.530006
India,2013,3,36.098072
India,2013,3,5.325395
India,2013,3,18.131834
Pakistan,2013,3,9.064392
Bangladesh,2013,3,23.472387
Nepal,2013,3,8.251876
SriLanka,2013,3,172.0532
Thailand,2013,3,25.696083
VietNam,2013,3,2.5879045
Indonesia,2013,3,362.68518
Philippines,2013,3,33.87449
Myanmar,2013,3,3.570921
Cambodia,2013,3,61.787407
China,2013,3,9.164743
China,2013,3,17.1091
China,2013,3,133.4136
Japan,2013,3,43.516983
Kazakhstan,2013,3,62.741142
Iran,2013,3,68.00384
Turkiye,2013,3,36.26484
India,2013,4,10.459562
India,2013,4,35.379097
India,2013,4,8.197208
Pakistan,2013,4,20.66611
Bangladesh,2013,4,94.10245
Nepal,2013,4,30.42432
SriLanka,2013,4,77.01171
Thailand,2013,4,67.414024
VietNam,2013,4,78.57087
Indonesia,2013,4,422.38696
Philippines,2013,4,106.78309
Myanmar,2013,4,2.004496
Cambodia,2013,4,191.97485
China,2013,4,10.825655
China,2013,4,47.449062
China,2013,4,144.30992
Japan,2013,4,132.25505
Kazakhstan,2013,4,33.809525
Iran,2013,4,29.970684
Turkiye,2013,4,43.247593
India,2014,2,14.114096
India,2014,2,43.20215
India,2014,2,50.16287
Pakistan,2014,2,7.5019226
Bangladesh,2014,2,23.844168
Nepal,2014,2,25.835007
SriLanka,2014,2,28.756424
Thailand,2014,2,6.980471
VietNam,2014,2,0.0
Indonesia,2014,2,246.27263
Philippines,2014,2,0.0
Myanmar,2014,2,1.184206
Cambodia,2014,2,0.6830445
China,2014,2,11.865879
China,2014,2,5.5649185
China,2014,2,28.62571
Japan,2014,2,157.78629
Kazakhstan,2014,2,6.6426134
Iran,2014,2,13.947252
Turkiye,2014,2,20.987488
India,2014,3,46.05102
India,2014,3,13.085709
India,2014,3,10.754312
Pakistan,2014,3,33.10977
Bangladesh,2014,3,37.25565
Nepal,2014,3,6.667075
SriLanka,2014,3,25.411995
Thailand,2014,3,19.164515
VietNam,2014,3,0.0
Indonesia,2014,3,227.48581
Philippines,2014,3,0.23396562
Myanmar,2014,3,0.6260165
Cambodia,2014,3,13.994841
China,2014,3,4.4014807
China,2014,3,12.443042
China,2014,3,98.47454
Japan,2014,3,121.73574
Kazakhstan,2014,3,32.674637
Iran,2014,3,60.07696
Turkiye,2014,3,42.146427
India,2014,4,41.148697
India,2014,4,1.4738245
India,2014,4,2.0923736
Pakistan,2014,4,42.529495
Bangladesh,2014,4,74.190865
Nepal,2014,4,1.1199317
SriLanka,2014,4,222.87975
Thailand,2014,4,119.33096
VietNam,2014,4,29.413675
Indonesia,2014,4,192.38374
Philippines,2014,4,70.644135
Myanmar,2014,4,1.5976188
Cambodia,2014,4,154.13605
China,2014,4,31.433495
China,2014,4,0.13751754
China,2014,4,129.3411
Japan,2014,4,60.57371
Kazakhstan,2014,4,12.194468
Iran,2014,4,51.855526
Turkiye,2014,4,18.397629
India,2015,2,77.952675
India,2015,2,1.4061446
India,2015,2,14.353888
Pakistan,2015,2,43.730473
Bangladesh,2015,2,21.05949
Nepal,2015,2,15.521908
SriLanka,2015,2,98.6463
Thailand,2015,2,23.324894
VietNam,2015,2,3.4458108
Indonesia,2015,2,300.054
Philippines,2015,2,0.0
Myanmar,2015,2,1.1842041
Cambodia,2015,2,0.7389791
China,2015,2,3.8743923
China,2015,2,2.0685525
China,2015,2,139.03564
Japan,2015,2,111.148926
Kazakhstan,2015,2,12.946729
Iran,2015,2,69.93573
Turkiye,2015,2,50.538483
India,2015,3,96.3193
India,2015,3,36.138054
India,2015,3,39.1328
Pakistan,2015,3,68.76685
Bangladesh,2015,3,37.89345
Nepal,2015,3,75.866714
SriLanka,2015,3,77.4803
Thailand,2015,3,110.87934
VietNam,2015,3,0.0
Indonesia,2015,3,359.3366
Philippines,2015,3,0.08169659
Myanmar,2015,3,4.1325736
Cambodia,2015,3,4.3519597
China,2015,3,6.9182625
China,2015,3,0.0
China,2015,3,94.04587
Japan,2015,3,134.10777
Kazakhstan,2015,3,6.8830156
Iran,2015,3,42.74347
Turkiye,2015,3,54.31723
India,2015,4,25.519217
India,2015,4,26.163176
India,2015,4,1.4383669
Pakistan,2015,4,17.622644
Bangladesh,2015,4,160.67989
Nepal,2015,4,46.56422
SriLanka,2015,4,225.55794
Thailand,2015,4,108.09359
VietNam,2015,4,34.9366
Indonesia,2015,4,343.6736
Philippines,2015,4,57.302834
Myanmar,2015,4,11.526885
Cambodia,2015,4,133.22243
China,2015,4,39.17335
China,2015,4,18.807758
China,2015,4,161.89319
Japan,2015,4,136.14557
Kazakhstan,2015,4,35.8957
Iran,2015,4,13.20933
Turkiye,2015,4,9.411489
India,2016,2,5.884935
India,2016,2,0.0
India,2016,2,0.46891344
Pakistan,2016,2,0.0
Bangladesh,2016,2,15.157883
Nepal,2016,2,1.8311859
SriLanka,2016,2,47.25681
Thailand,2016,2,6.9446697
VietNam,2016,2,10.042677
Indonesia,2016,2,294.05246
Philippines,2016,2,0.0
Myanmar,2016,2,2.0511415
Cambodia,2016,2,0.6629441
China,2016,2,17.153978
China,2016,2,18.901552
China,2016,2,52.661575
Japan,2016,2,89.96765
Kazakhstan,2016,2,59.088024
Iran,2016,2,16.149036
Turkiye,2016,2,21.83807
India,2016,3,38.57134
India,2016,3,17.834213
India,2016,3,5.1078815
Pakistan,2016,3,54.88824
Bangladesh,2016,3,80.621346
Nepal,2016,3,26.042286
SriLanka,2016,3,37.667923
Thailand,2016,3,30.495647
VietNam,2016,3,0.0
Indonesia,2016,3,176.68063
Philippines,2016,3,0.09139401
Myanmar,2016,3,3.8590999
Cambodia,2016,3,9.071219
China,2016,3,5.4056845
China,2016,3,21.291927
China,2016,3,103.67345
Japan,2016,3,33.990517
Kazakhstan,2016,3,57.27995
Iran,2016,3,69.39633
Turkiye,2016,3,29.539356
India,2016,4,12.119635
India,2016,4,4.933814
India,2016,4,0.0
Pakistan,2016,4,17.129705
Bangladesh,2016,4,110.099976
Nepal,2016,4,5.253587
SriLanka,2016,4,97.77527
Thailand,2016,4,49.434887
VietNam,2016,4,0.0
Indonesia,2016,4,298.46716
Philippines,2016,4,52.353127
Myanmar,2016,4,0.8359735
Cambodia,2016,4,53.62406
China,2016,4,23.806423
China,2016,4,37.566597
China,2016,4,300.02298
Japan,2016,4,108.41968
Kazakhstan,2016,4,35.436253
Iran,2016,4,77.40208
Turkiye,2016,4,28.588923
India,2017,2,16.884052
India,2017,2,0.0
India,2017,2,0.6118718
Pakistan,2017,2,15.965819
Bangladesh,2017,2,9.323297
Nepal,2017,2,0.0
SriLanka,2017,2,68.31447
Thailand,2017,2,5.19571
VietNam,2017,2,27.855997
Indonesia,2017,2,338.9961
Philippines,2017,2,4.475745
Myanmar,2017,2,1.2159312
Cambodia,2017,2,11.632343
China,2017,2,8.831667
China,2017,2,8.393148
China,2017,2,63.769466
Japan,2017,2,139.0198
Kazakhstan,2017,2,43.18163
Iran,2017,2,77.31836
Turkiye,2017,2,11.373253
India,2017,3,5.9294586
India,2017,3,0.20375125
India,2017,3,0.0
Pakistan,2017,3,12.4201765
Bangladesh,2017,3,69.70461
Nepal,2017,3,0.0
SriLanka,2017,3,192.46793
Thailand,2017,3,60.34808
VietNam,2017,3,11.144323
Indonesia,2017,3,309.52835
Philippines,2017,3,11.970285
Myanmar,2017,3,0.6293186
Cambodia,2017,3,42.453278
China,2017,3,7.600669
China,2017,3,0.0
China,2017,3,138.64598
Japan,2017,3,86.95992
Kazakhstan,2017,3,0.0
Iran,2017,3,42.636036
Turkiye,2017,3,55.12546
India,2017,4,33.528397
India,2017,4,4.673119
India,2017,4,0.0
Pakistan,2017,4,18.957546
Bangladesh,2017,4,313.95355
Nepal,2017,4,17.860987
SriLanka,2017,4,82.61821
Thailand,2017,4,24.170609
VietNam,2017,4,44.327934
Indonesia,2017,4,310.29034
Philippines,2017,4,64.828
Myanmar,2017,4,63.068714
Cambodia,2017,4,101.130066
China,2017,4,41.814117
China,2017,4,10.307232
China,2017,4,218.94557
Japan,2017,4,69.6026
Kazakhstan,2017,4,40.017956
Iran,2017,4,26.83878
Turkiye,2017,4,40.488037
India,2018,2,26.70797
India,2018,2,23.820015
India,2018,2,11.185381
Pakistan,2018,2,12.942266
Bangladesh,2018,2,35.03511
Nepal,2018,2,13.986439
SriLanka,2018,2,44.55988
Thailand,2018,2,48.561554
VietNam,2018,2,0.0
Indonesia,2018,2,520.2897
Philippines,2018,2,0.0
Myanmar,2018,2,2.1210387
Cambodia,2018,2,3.0207348
China,2018,2,7.2499847
China,2018,2,0.0
China,2018,2,45.25861
Japan,2018,2,64.88332
Kazakhstan,2018,2,16.89965
Iran,2018,2,52.279053
Turkiye,2018,2,24.90546
India,2018,3,1.1579938
India,2018,3,4.424715
India,2018,3,0.0
Pakistan,2018,3,22.27571
Bangladesh,2018,3,50.381763
Nepal,2018,3,11.338964
SriLanka,2018,3,80.783104
Thailand,2018,3,26.131393
VietNam,2018,3,14.486098
Indonesia,2018,3,279.78424
Philippines,2018,3,3.1705577
Myanmar,2018,3,0.6288585
Cambodia,2018,3,23.2655
China,2018,3,6.3303404
China,2018,3,19.549213
China,2018,3,142.75325
Japan,2018,3,138.01492
Kazakhstan,2018,3,64.98311
Iran,2018,3,55.90445
Turkiye,2018,3,45.905914
India,2018,4,15.579563
India,2018,4,11.869802
India,2018,4,0.0
Pakistan,2018,4,11.930408
Bangladesh,2018,4,317.47614
Nepal,2018,4,44.830368
SriLanka,2018,4,144.78642
Thailand,2018,4,105.88854
VietNam,2018,4,22.460163
Indonesia,2018,4,200.38153
Philippines,2018,4,74.13943
Myanmar,2018,4,4.3062096
Cambodia,2018,4,84.23316
China,2018,4,97.69026
China,2018,4,26.12127
China,2018,4,193.29648
Japan,2018,4,91.773994
Kazakhstan,2018,4,27.142208
Iran,2018,4,40.539467
Turkiye,2018,4,15.072548
India,2019,2,76.03679
India,2019,2,40.85274
India,2019,2,4.778465
Pakistan,2019,2,43.500835
Bangladesh,2019,2,67.09851
Nepal,2019,2,53.88308
SriLanka,2019,2,113.48345
Thailand,2019,2,11.499741
VietNam,2019,2,0.0
Indonesia,2019,2,300.44522
Philippines,2019,2,0.0
Myanmar,2019,2,1.2080516
Cambodia,2019,2,0.67980903
China,2019,2,19.30243
China,2019,2,3.2523284
China,2019,2,100.471375
Japan,2019,2,72.77458
Kazakhstan,2019,2,1.20029
Iran,2019,2,93.15526
Turkiye,2019,2,35.811188
India,2019,3,31.283882
India,2019,3,11.2256775
India,2019,3,0.0
Pakistan,2019,3,40.06841
Bangladesh,2019,3,68.029816
Nepal,2019,3,19.645079
SriLanka,2019,3,6.4708242
Thailand,2019,3,0.69769615
VietNam,2019,3,0.0
Indonesia,2019,3,341.35187
Philippines,2019,3,0.07031721
Myanmar,2019,3,0.62931955
Cambodia,2019,3,47.91772
China,2019,3,0.40714175
China,2019,3,0.0
China,2019,3,85.76595
Japan,2019,3,112.276855
Kazakhstan,2019,3,44.360977
Iran,2019,3,80.180214
Turkiye,2019,3,27.738781
India,2019,4,42.77291
India,2019,4,10.771703
India,2019,4,8.366451
Pakistan,2019,4,54.5205
Bangladesh,2019,4,120.91945
Nepal,2019,4,36.03051
SriLanka,2019,4,148.43869
Thailand,2019,4,73.68578
VietNam,2019,4,29.267384
Indonesia,2019,4,382.13565
Philippines,2019,4,70.894936
Myanmar,2019,4,0.7290083
Cambodia,2019,4,83.831345
China,2019,4,23.845842
China,2019,4,5.674198
China,2019,4,134.00996
Japan,2019,4,72.78975
Kazakhstan,2019,4,26.253216
Iran,2019,4,113.27411
Turkiye,2019,4,31.06079
India,2020,2,7.0922604
India,2020,2,11.308802
India,2020,2,0.49985415
Pakistan,2020,2,15.263925
Bangladesh,2020,2,11.376207
Nepal,2020,2,30.704361
SriLanka,2020,2,7.9046364
Thailand,2020,2,4.9839864
VietNam,2020,2,1.5003655
Indonesia,2020,2,392.4381
Philippines,2020,2,0.0
Myanmar,2020,2,10.429508
Cambodia,2020,2,0.6633276
China,2020,2,18.119085
China,2020,2,0.0
China,2020,2,65.62069
Japan,2020,2,61.650383
Kazakhstan,2020,2,43.124344
Iran,2020,2,39.66827
Turkiye,2020,2,25.925426
India,2020,3,25.90824
India,2020,3,50.325607
India,2020,3,11.100185
Pakistan,2020,3,81.70261
Bangladesh,2020,3,30.421833
Nepal,2020,3,37.78677
SriLanka,2020,3,14.139786
Thailand,2020,3,32.948463
VietNam,2020,3,0.0
Indonesia,2020,3,288.851
Philippines,2020,3,9.2084055
Myanmar,2020,3,0.61431646
Cambodia,2020,3,4.939877
China,2020,3,5.5102963
China,2020,3,7.807647
China,2020,3,98.43395
Japan,2020,3,100.69031
Kazakhstan,2020,3,6.9776773
Iran,2020,3,44.53463
Turkiye,2020,3,3.0466127
India,2020,4,13.918543
India,2020,4,29.071821
India,2020,4,0.0
Pakistan,2020,4,41.43645
Bangladesh,2020,4,180.36339
Nepal,2020,4,81.32753
SriLanka,2020,4,133.9671
Thailand,2020,4,34.83863
VietNam,2020,4,30.176476
Indonesia,2020,4,236.14937
Philippines,2020,4,94.80213
Myanmar,2020,4,12.568297
Cambodia,2020,4,105.399414
China,2020,4,10.871548
China,2020,4,22.84089
China,2020,4,57.39854
Japan,2020,4,125.86777
Kazakhstan,2020,4,35.344173
Iran,2020,4,77.451096
Turkiye,2020,4,25.836596
India,2021,2,3.7773354
India,2021,2,0.0
India,2021,2,0.5852923
Pakistan,2021,2,0.0
Bangladesh,2021,2,9.093201
Nepal,2021,2,1.6333754
SriLanka,2021,2,13.712355
Thailand,2021,2,7.746345
VietNam,2021,2,0.0
Indonesia,2021,2,485.7535
Philippines,2021,2,7.465063
Myanmar,2021,2,2.1209307
Cambodia,2021,2,0.6992363
China,2021,2,52.426765
China,2021,2,12.861229
China,2021,2,78.745056
Japan,2021,2,139.80482
Kazakhstan,2021,2,11.402012
Iran,2021,2,4.577589
Turkiye,2021,2,7.1959705
India,2021,3,12.48234
India,2021,3,0.15448281
India,2021,3,20.360353
Pakistan,2021,3,49.6502
Bangladesh,2021,3,12.838145
Nepal,2021,3,3.2658236
SriLanka,2021,3,57.300163
Thailand,2021,3,10.50539
VietNam,2021,3,0.0
Indonesia,2021,3,269.94324
Philippines,2021,3,31.521664
Myanmar,2021,3,9.818507
Cambodia,2021,3,4.49331
China,2021,3,15.28997
China,2021,3,14.307264
China,2021,3,102.05991
Japan,2021,3,116.4741
Kazakhstan,2021,3,24.943996
Iran,2021,3,43.36114
Turkiye,2021,3,35.589325
India,2021,4,26.345781
India,2021,4,22.304857
India,2021,4,0.0
Pakistan,2021,4,17.699821
Bangladesh,2021,4,82.308624
Nepal,2021,4,13.506339
SriLanka,2021,4,165.50774
Thailand,2021,4,257.29913
VietNam,2021,4,124.28074
Indonesia,2021,4,242.20535
Philippines,2021,4,32.66661
Myanmar,2021,4,38.32712
Cambodia,2021,4,185.15804
China,2021,4,16.466295
China,2021,4,10.661602
China,2021,4,95.0373
Japan,2021,4,99.49948
Kazakhstan,2021,4,22.929716
Iran,2021,4,27.850088
Turkiye,2021,4,47.078987
India,2022,2,0.0
India,2022,2,10.420859
India,2022,2,0.55054593
Pakistan,2022,2,0.0
Bangladesh,2022,2,45.569084
Nepal,2022,2,11.542177
SriLanka,2022,2,121.42613
Thailand,2022,2,33.200577
VietNam,2022,2,11.837291
Indonesia,2022,2,291.51816
Philippines,2022,2,11.246231
Myanmar,2022,2,1.3097309
Cambodia,2022,2,25.250269
China,2022,2,0.0
China,2022,2,0.0
China,2022,2,48.481678
Japan,2022,2,113.52112
Kazakhstan,2022,2,30.77616
Iran,2022,2,0.0
Turkiye,2022,2,35.098297
India,2022,3,2.9558291
India,2022,3,0.14630112
India,2022,3,0.0
Pakistan,2022,3,8.6525545
Bangladesh,2022,3,9.722785
Nepal,2022,3,0.0
SriLanka,2022,3,85.60053
Thailand,2022,3,75.869514
VietNam,2022,3,87.47334
Indonesia,2022,3,278.80164
Philippines,2022,3,91.29807
Myanmar,2022,3,45.92871
Cambodia,2022,3,103.121735
China,2022,3,31.735939
China,2022,3,38.489838
China,2022,3,177.31325
Japan,2022,3,100.35832
Kazakhstan,2022,3,26.602283
Iran,2022,3,31.404186
Turkiye,2022,3,68.61075
India,2022,4,0.0
India,2022,4,0.0
India,2022,4,0.0
Pakistan,2022,4,0.0
Bangladesh,2022,4,101.42485
Nepal,2022,4,13.283017
SriLanka,2022,4,264.7074
Thailand,2022,4,94.59259
VietNam,2022,4,88.53707
Indonesia,2022,4,235.60873
Philippines,2022,4,131.12231
Myanmar,2022,4,13.18062
Cambodia,2022,4,166.431
China,2022,4,27.114628
China,2022,4,12.830957
China,2022,4,196.55553
Japan,2022,4,105.3286
Kazakhstan,2022,4,21.28076
Iran,2022,4,38.308304
Turkiye,2022,4,25.568527
India,2023,2,6.571226
India,2023,2,0.0
India,2023,2,0.51056474
Pakistan,2023,2,13.258186
Bangladesh,2023,2,11.684389
Nepal,2023,2,0.0
SriLanka,2023,2,105.00941
Thailand,2023,2,10.597977
VietNam,2023,2,5.8523097
Indonesia,2023,2,319.25177
Philippines,2023,2,26.439072
Myanmar,2023,2,1.9255636
Cambodia,2023,2,12.902522
China,2023,2,16.208506
China,2023,2,0.0
China,2023,2,23.996931
Japan,2023,2,123.57788
Kazakhstan,2023,2,37.226162
Iran,2023,2,29.203522
Turkiye,2023,2,0.0
India,2023,3,72.46743
India,2023,3,17.789774
India,2023,3,35.18189
Pakistan,2023,3,39.049606
Bangladesh,2023,3,160.86415
Nepal,2023,3,24.952188
SriLanka,2023,3,59.07614
Thailand,2023,3,4.611592
VietNam,2023,3,1.2122371
Indonesia,2023,3,277.06293
Philippines,2023,3,1.32947
Myanmar,2023,3,35.30516
Cambodia,2023,3,12.76567
China,2023,3,11.941145
China,2023,3,11.028854
China,2023,3,89.46268
Japan,2023,3,97.03657
Kazakhstan,2023,3,18.961632
Iran,2023,3,20.4471
Turkiye,2023,3,46.15128
India,2023,4,27.439297
India,2023,4,15.340648
India,2023,4,7.586186
Pakistan,2023,4,21.127796
Bangladesh,2023,4,71.266884
Nepal,2023,4,10.456478
SriLanka,2023,4,120.605316
Thailand,2023,4,32.18853
VietNam,2023,4,42.478603
Indonesia,2023,4,264.9586
Philippines,2023,4,109.156006
Myanmar,2023,4,0.7525108
Cambodia,2023,4,59.98649
China,2023,4,46.085075
China,2023,4,12.465163
China,2023,4,210.3044
Japan,2023,4,89.53261
Kazakhstan,2023,4,0.0
Iran,2023,4,3.7271194
Turkiye,2023,4,42.410236
India,2024,2,29.87484
India,2024,2,5.243011
India,2024,2,6.859764
Pakistan,2024,2,12.760694
Bangladesh,2024,2,27.487318
Nepal,2024,2,0.0
SriLanka,2024,2,12.350665
Thailand,2024,2,7.5799584
VietNam,2024,2,0.0
Indonesia,2024,2,264.19333
Philippines,2024,2,0.0
Myanmar,2024,2,1.2159307
Cambodia,2024,2,0.6620408
China,2024,2,17.717098
China,2024,2,14.065054
China,2024,2,118.54494
Japan,2024,2,120.78921
Kazakhstan,2024,2,18.020245
Iran,2024,2,3.590244
Turkiye,2024,2,18.759945
India,2024,3,40.65294
India,2024,3,21.326973
India,2024,3,6.29401
Pakistan,2024,3,36.56647
Bangladesh,2024,3,89.304695
Nepal,2024,3,39.66633
SriLanka,2024,3,19.703302
Thailand,2024,3,33.6255
VietNam,2024,3,5.066895
Indonesia,2024,3,528.38306
Philippines,2024,3,36.834915
Myanmar,2024,3,0.77914405
Cambodia,2024,3,53.996952
China,2024,3,8.9375515
China,2024,3,0.0
China,2024,3,88.366425
Japan,2024,3,147.82755
Kazakhstan,2024,3,0.0
Iran,2024,3,24.520765
Turkiye,2024,3,25.37332
India,2024,4,0.0
India,2024,4,0.0
India,2024,4,10.712717
Pakistan,2024,4,10.521902
Bangladesh,2024,4,17.839697
Nepal,2024,4,0.0
SriLanka,2024,4,61.380287
Thailand,2024,4,17.953516
VietNam,2024,4,6.861573
Indonesia,2024,4,353.1988
Philippines,2024,4,34.390575
Myanmar,2024,4,1.1445346
Cambodia,2024,4,13.347282
China,2024,4,17.71827
China,2024,4,10.720857
China,2024,4,217.0914
Japan,2024,4,70.07044
Kazakhstan,2024,4,30.689774
Iran,2024,4,32.227905
Turkiye,2024,4,38.39696
India,2025,2,47.720985
India,2025,2,1.1065446
India,2025,2,0.5199159
Pakistan,2025,2,44.87135
Bangladesh,2025,2,13.988628
Nepal,2025,2,9.623788
SriLanka,2025,2,82.75862
Thailand,2025,2,14.7253895
VietNam,2025,2,1.4952211
Indonesia,2025,2,351.48596
Philippines,2025,2,13.822258
Myanmar,2025,2,6.668542
Cambodia,2025,2,7.226452
China,2025,2,10.297473
China,2025,2,0.0
China,2025,2,14.3952
Japan,2025,2,165.61818
Kazakhstan,2025,2,9.640689
Iran,2025,2,1.0825025
Turkiye,2025,2,0.0
India,2025,3,2.591089
India,2025,3,0.2521931
India,2025,3,0.0
Pakistan,2025,3,0.6327264
Bangladesh,2025,3,12.444171
Nepal,2025,3,0.0
SriLanka,2025,3,87.598404
Thailand,2025,3,18.282145
VietNam,2025,3,4.4077783
Indonesia,2025,3,438.33267
Philippines,2025,3,30.70691
Myanmar,2025,3,0.60554737
Cambodia,2025,3,48.5355
China,2025,3,55.23458
China,2025,3,9.000908
China,2025,3,117.30157
Japan,2025,3,86.85733
Kazakhstan,2025,3,26.686714
Iran,2025,3,29.381649
Turkiye,2025,3,13.259598
India,2025,4,0.0
India,2025,4,31.27869
India,2025,4,0.0
Pakistan,2025,4,0.0
Bangladesh,2025,4,89.88212
Nepal,2025,4,49.900593
SriLanka,2025,4,250.57275
Thailand,2025,4,109.14865
VietNam,2025,4,27.843811
Indonesia,2025,4,207.29823
Philippines,2025,4,82.57041
Myanmar,2025,4,72.41612
Cambodia,2025,4,89.44028
China,2025,4,14.606766
China,2025,4,63.514908
China,2025,4,146.04552
Japan,2025,4,117.95005
Kazakhstan,2025,4,4.8439703
Iran,2025,4,20.123343
Turkiye,2025,4,28.57992
